year,month,breed,n_animals
2020,1,Bergamasca,
2020,2,Bergamasca,
2020,3,Bergamasca,
2020,4,Bergamasca,
2020,5,Bergamasca,
2020,6,Bergamasca,
2020,7,Bergamasca,
2020,8,Bergamasca,
2020,9,Bergamasca,
2020,10,Bergamasca,
2020,11,Bergamasca,
2020,12,Bergamasca,
2021,1,Bergamasca,
2021,2,Bergamasca,
2021,3,Bergamasca,
2021,4,Bergamasca,
2021,5,Bergamasca,
2021,6,Bergamasca,
2021,7,Bergamasca,
2021,8,Bergamasca,
2021,9,Bergamasca,
2021,10,Bergamasca,
2021,11,Bergamasca,
2021,12,Bergamasca,
2022,1,Bergamasca,
2022,2,Bergamasca,
2022,3,Bergamasca,
2022,4,Bergamasca,
2022,5,Bergamasca,
2022,6,Bergamasca,
2022,7,Bergamasca,
2022,8,Bergamasca,
2022,9,Bergamasca,
2022,10,Bergamasca,
2022,11,Bergamasca,
2022,12,Bergamasca,
2023,1,Bergamasca,
2023,2,Bergamasca,
2023,3,Bergamasca,
2023,4,Bergamasca,
2023,5,Bergamasca,6.0
2023,6,Bergamasca,6.0
2023,7,Bergamasca,5.0
2020,1,Berrichon_du_Cher,15.0
2020,2,Berrichon_du_Cher,16.0
2020,3,Berrichon_du_Cher,16.0
2020,4,Berrichon_du_Cher,16.0
2020,5,Berrichon_du_Cher,16.0
2020,6,Berrichon_du_Cher,16.0
2020,7,Berrichon_du_Cher,16.0
2020,8,Berrichon_du_Cher,16.0
2020,9,Berrichon_du_Cher,17.0
2020,10,Berrichon_du_Cher,19.0
2020,11,Berrichon_du_Cher,19.0
2020,12,Berrichon_du_Cher,20.0
2021,1,Berrichon_du_Cher,20.0
2021,2,Berrichon_du_Cher,20.0
2021,3,Berrichon_du_Cher,20.0
2021,4,Berrichon_du_Cher,21.0
2021,5,Berrichon_du_Cher,24.0
2021,6,Berrichon_du_Cher,26.0
2021,7,Berrichon_du_Cher,27.0
2021,8,Berrichon_du_Cher,33.0
2021,9,Berrichon_du_Cher,35.0
2021,10,Berrichon_du_Cher,42.0
2021,11,Berrichon_du_Cher,66.0
2021,12,Berrichon_du_Cher,159.0
2022,1,Berrichon_du_Cher,225.0
2022,2,Berrichon_du_Cher,264.0
2022,3,Berrichon_du_Cher,350.0
2022,4,Berrichon_du_Cher,423.0
2022,5,Berrichon_du_Cher,453.0
2022,6,Berrichon_du_Cher,451.0
2022,7,Berrichon_du_Cher,436.0
2022,8,Berrichon_du_Cher,446.0
2022,9,Berrichon_du_Cher,435.0
2022,10,Berrichon_du_Cher,466.0
2022,11,Berrichon_du_Cher,508.0
2022,12,Berrichon_du_Cher,577.0
2023,1,Berrichon_du_Cher,717.0
2023,2,Berrichon_du_Cher,875.0
2023,3,Berrichon_du_Cher,976.0
2023,4,Berrichon_du_Cher,1017.0
2023,5,Berrichon_du_Cher,982.0
2023,6,Berrichon_du_Cher,974.0
2023,7,Berrichon_du_Cher,886.0
2020,1,Blackheaded_Meat_Sheep,
2020,2,Blackheaded_Meat_Sheep,
2020,3,Blackheaded_Meat_Sheep,
2020,4,Blackheaded_Meat_Sheep,
2020,5,Blackheaded_Meat_Sheep,
2020,6,Blackheaded_Meat_Sheep,
2020,7,Blackheaded_Meat_Sheep,
2020,8,Blackheaded_Meat_Sheep,
2020,9,Blackheaded_Meat_Sheep,
2020,10,Blackheaded_Meat_Sheep,
2020,11,Blackheaded_Meat_Sheep,
2020,12,Blackheaded_Meat_Sheep,
2021,1,Blackheaded_Meat_Sheep,
2021,2,Blackheaded_Meat_Sheep,
2021,3,Blackheaded_Meat_Sheep,
2021,4,Blackheaded_Meat_Sheep,
2021,5,Blackheaded_Meat_Sheep,
2021,6,Blackheaded_Meat_Sheep,
2021,7,Blackheaded_Meat_Sheep,
2021,8,Blackheaded_Meat_Sheep,
2021,9,Blackheaded_Meat_Sheep,
2021,10,Blackheaded_Meat_Sheep,
2021,11,Blackheaded_Meat_Sheep,
2021,12,Blackheaded_Meat_Sheep,
2022,1,Blackheaded_Meat_Sheep,
2022,2,Blackheaded_Meat_Sheep,
2022,3,Blackheaded_Meat_Sheep,
2022,4,Blackheaded_Meat_Sheep,
2022,5,Blackheaded_Meat_Sheep,
2022,6,Blackheaded_Meat_Sheep,
2022,7,Blackheaded_Meat_Sheep,
2022,8,Blackheaded_Meat_Sheep,
2022,9,Blackheaded_Meat_Sheep,
2022,10,Blackheaded_Meat_Sheep,
2022,11,Blackheaded_Meat_Sheep,
2022,12,Blackheaded_Meat_Sheep,
2023,1,Blackheaded_Meat_Sheep,
2023,2,Blackheaded_Meat_Sheep,
2023,3,Blackheaded_Meat_Sheep,
2023,4,Blackheaded_Meat_Sheep,
2023,5,Blackheaded_Meat_Sheep,
2023,6,Blackheaded_Meat_Sheep,
2023,7,Blackheaded_Meat_Sheep,10.0
2020,1,Braunkoepfiges_Fleischschaf,17239.0
2020,2,Braunkoepfiges_Fleischschaf,20064.0
2020,3,Braunkoepfiges_Fleischschaf,22333.0
2020,4,Braunkoepfiges_Fleischschaf,22392.0
2020,5,Braunkoepfiges_Fleischschaf,21737.0
2020,6,Braunkoepfiges_Fleischschaf,20813.0
2020,7,Braunkoepfiges_Fleischschaf,19716.0
2020,8,Braunkoepfiges_Fleischschaf,18776.0
2020,9,Braunkoepfiges_Fleischschaf,17392.0
2020,10,Braunkoepfiges_Fleischschaf,16402.0
2020,11,Braunkoepfiges_Fleischschaf,15906.0
2020,12,Braunkoepfiges_Fleischschaf,15929.0
2021,1,Braunkoepfiges_Fleischschaf,17653.0
2021,2,Braunkoepfiges_Fleischschaf,19887.0
2021,3,Braunkoepfiges_Fleischschaf,22127.0
2021,4,Braunkoepfiges_Fleischschaf,22261.0
2021,5,Braunkoepfiges_Fleischschaf,21646.0
2021,6,Braunkoepfiges_Fleischschaf,20729.0
2021,7,Braunkoepfiges_Fleischschaf,19675.0
2021,8,Braunkoepfiges_Fleischschaf,18563.0
2021,9,Braunkoepfiges_Fleischschaf,17361.0
2021,10,Braunkoepfiges_Fleischschaf,16147.0
2021,11,Braunkoepfiges_Fleischschaf,15291.0
2021,12,Braunkoepfiges_Fleischschaf,15187.0
2022,1,Braunkoepfiges_Fleischschaf,16785.0
2022,2,Braunkoepfiges_Fleischschaf,18865.0
2022,3,Braunkoepfiges_Fleischschaf,21218.0
2022,4,Braunkoepfiges_Fleischschaf,21222.0
2022,5,Braunkoepfiges_Fleischschaf,20693.0
2022,6,Braunkoepfiges_Fleischschaf,19736.0
2022,7,Braunkoepfiges_Fleischschaf,18694.0
2022,8,Braunkoepfiges_Fleischschaf,17569.0
2022,9,Braunkoepfiges_Fleischschaf,16298.0
2022,10,Braunkoepfiges_Fleischschaf,15427.0
2022,11,Braunkoepfiges_Fleischschaf,14624.0
2022,12,Braunkoepfiges_Fleischschaf,14390.0
2023,1,Braunkoepfiges_Fleischschaf,15775.0
2023,2,Braunkoepfiges_Fleischschaf,17553.0
2023,3,Braunkoepfiges_Fleischschaf,19337.0
2023,4,Braunkoepfiges_Fleischschaf,19304.0
2023,5,Braunkoepfiges_Fleischschaf,18911.0
2023,6,Braunkoepfiges_Fleischschaf,17878.0
2023,7,Braunkoepfiges_Fleischschaf,17006.0
2020,1,Buendner_Oberlaender_Schaf,1770.0
2020,2,Buendner_Oberlaender_Schaf,2020.0
2020,3,Buendner_Oberlaender_Schaf,2174.0
2020,4,Buendner_Oberlaender_Schaf,2148.0
2020,5,Buendner_Oberlaender_Schaf,2115.0
2020,6,Buendner_Oberlaender_Schaf,2087.0
2020,7,Buendner_Oberlaender_Schaf,2059.0
2020,8,Buendner_Oberlaender_Schaf,2008.0
2020,9,Buendner_Oberlaender_Schaf,1918.0
2020,10,Buendner_Oberlaender_Schaf,1838.0
2020,11,Buendner_Oberlaender_Schaf,1912.0
2020,12,Buendner_Oberlaender_Schaf,1902.0
2021,1,Buendner_Oberlaender_Schaf,2005.0
2021,2,Buendner_Oberlaender_Schaf,2101.0
2021,3,Buendner_Oberlaender_Schaf,2214.0
2021,4,Buendner_Oberlaender_Schaf,2218.0
2021,5,Buendner_Oberlaender_Schaf,2190.0
2021,6,Buendner_Oberlaender_Schaf,2159.0
2021,7,Buendner_Oberlaender_Schaf,2103.0
2021,8,Buendner_Oberlaender_Schaf,2075.0
2021,9,Buendner_Oberlaender_Schaf,2037.0
2021,10,Buendner_Oberlaender_Schaf,1941.0
2021,11,Buendner_Oberlaender_Schaf,1992.0
2021,12,Buendner_Oberlaender_Schaf,1995.0
2022,1,Buendner_Oberlaender_Schaf,2087.0
2022,2,Buendner_Oberlaender_Schaf,2162.0
2022,3,Buendner_Oberlaender_Schaf,2337.0
2022,4,Buendner_Oberlaender_Schaf,2408.0
2022,5,Buendner_Oberlaender_Schaf,2419.0
2022,6,Buendner_Oberlaender_Schaf,2410.0
2022,7,Buendner_Oberlaender_Schaf,2380.0
2022,8,Buendner_Oberlaender_Schaf,2303.0
2022,9,Buendner_Oberlaender_Schaf,2213.0
2022,10,Buendner_Oberlaender_Schaf,2061.0
2022,11,Buendner_Oberlaender_Schaf,2048.0
2022,12,Buendner_Oberlaender_Schaf,2017.0
2023,1,Buendner_Oberlaender_Schaf,2135.0
2023,2,Buendner_Oberlaender_Schaf,2190.0
2023,3,Buendner_Oberlaender_Schaf,2411.0
2023,4,Buendner_Oberlaender_Schaf,2419.0
2023,5,Buendner_Oberlaender_Schaf,2384.0
2023,6,Buendner_Oberlaender_Schaf,2386.0
2023,7,Buendner_Oberlaender_Schaf,2331.0
2020,1,Charmoise,18.0
2020,2,Charmoise,18.0
2020,3,Charmoise,19.0
2020,4,Charmoise,19.0
2020,5,Charmoise,20.0
2020,6,Charmoise,20.0
2020,7,Charmoise,20.0
2020,8,Charmoise,20.0
2020,9,Charmoise,20.0
2020,10,Charmoise,24.0
2020,11,Charmoise,26.0
2020,12,Charmoise,27.0
2021,1,Charmoise,30.0
2021,2,Charmoise,30.0
2021,3,Charmoise,30.0
2021,4,Charmoise,33.0
2021,5,Charmoise,37.0
2021,6,Charmoise,37.0
2021,7,Charmoise,40.0
2021,8,Charmoise,41.0
2021,9,Charmoise,41.0
2021,10,Charmoise,41.0
2021,11,Charmoise,43.0
2021,12,Charmoise,70.0
2022,1,Charmoise,97.0
2022,2,Charmoise,137.0
2022,3,Charmoise,140.0
2022,4,Charmoise,133.0
2022,5,Charmoise,131.0
2022,6,Charmoise,125.0
2022,7,Charmoise,118.0
2022,8,Charmoise,98.0
2022,9,Charmoise,100.0
2022,10,Charmoise,102.0
2022,11,Charmoise,98.0
2022,12,Charmoise,103.0
2023,1,Charmoise,162.0
2023,2,Charmoise,196.0
2023,3,Charmoise,230.0
2023,4,Charmoise,237.0
2023,5,Charmoise,236.0
2023,6,Charmoise,214.0
2023,7,Charmoise,203.0
2020,1,Charollais_Suisse,4854.0
2020,2,Charollais_Suisse,6053.0
2020,3,Charollais_Suisse,6359.0
2020,4,Charollais_Suisse,6365.0
2020,5,Charollais_Suisse,6250.0
2020,6,Charollais_Suisse,5797.0
2020,7,Charollais_Suisse,5551.0
2020,8,Charollais_Suisse,5261.0
2020,9,Charollais_Suisse,5075.0
2020,10,Charollais_Suisse,5015.0
2020,11,Charollais_Suisse,4865.0
2020,12,Charollais_Suisse,4896.0
2021,1,Charollais_Suisse,5350.0
2021,2,Charollais_Suisse,6064.0
2021,3,Charollais_Suisse,6277.0
2021,4,Charollais_Suisse,6432.0
2021,5,Charollais_Suisse,6295.0
2021,6,Charollais_Suisse,6113.0
2021,7,Charollais_Suisse,5823.0
2021,8,Charollais_Suisse,5560.0
2021,9,Charollais_Suisse,5210.0
2021,10,Charollais_Suisse,5066.0
2021,11,Charollais_Suisse,4916.0
2021,12,Charollais_Suisse,4871.0
2022,1,Charollais_Suisse,5312.0
2022,2,Charollais_Suisse,6150.0
2022,3,Charollais_Suisse,6623.0
2022,4,Charollais_Suisse,6655.0
2022,5,Charollais_Suisse,6481.0
2022,6,Charollais_Suisse,6270.0
2022,7,Charollais_Suisse,5946.0
2022,8,Charollais_Suisse,5681.0
2022,9,Charollais_Suisse,5268.0
2022,10,Charollais_Suisse,5047.0
2022,11,Charollais_Suisse,4935.0
2022,12,Charollais_Suisse,4867.0
2023,1,Charollais_Suisse,5158.0
2023,2,Charollais_Suisse,5893.0
2023,3,Charollais_Suisse,6350.0
2023,4,Charollais_Suisse,6390.0
2023,5,Charollais_Suisse,6221.0
2023,6,Charollais_Suisse,5982.0
2023,7,Charollais_Suisse,5731.0
2020,1,Coburger_Fuchsschaf,52.0
2020,2,Coburger_Fuchsschaf,54.0
2020,3,Coburger_Fuchsschaf,56.0
2020,4,Coburger_Fuchsschaf,63.0
2020,5,Coburger_Fuchsschaf,63.0
2020,6,Coburger_Fuchsschaf,63.0
2020,7,Coburger_Fuchsschaf,63.0
2020,8,Coburger_Fuchsschaf,62.0
2020,9,Coburger_Fuchsschaf,62.0
2020,10,Coburger_Fuchsschaf,63.0
2020,11,Coburger_Fuchsschaf,63.0
2020,12,Coburger_Fuchsschaf,64.0
2021,1,Coburger_Fuchsschaf,65.0
2021,2,Coburger_Fuchsschaf,74.0
2021,3,Coburger_Fuchsschaf,89.0
2021,4,Coburger_Fuchsschaf,90.0
2021,5,Coburger_Fuchsschaf,90.0
2021,6,Coburger_Fuchsschaf,90.0
2021,7,Coburger_Fuchsschaf,90.0
2021,8,Coburger_Fuchsschaf,89.0
2021,9,Coburger_Fuchsschaf,89.0
2021,10,Coburger_Fuchsschaf,89.0
2021,11,Coburger_Fuchsschaf,89.0
2021,12,Coburger_Fuchsschaf,108.0
2022,1,Coburger_Fuchsschaf,169.0
2022,2,Coburger_Fuchsschaf,222.0
2022,3,Coburger_Fuchsschaf,270.0
2022,4,Coburger_Fuchsschaf,338.0
2022,5,Coburger_Fuchsschaf,345.0
2022,6,Coburger_Fuchsschaf,349.0
2022,7,Coburger_Fuchsschaf,341.0
2022,8,Coburger_Fuchsschaf,333.0
2022,9,Coburger_Fuchsschaf,310.0
2022,10,Coburger_Fuchsschaf,307.0
2022,11,Coburger_Fuchsschaf,295.0
2022,12,Coburger_Fuchsschaf,298.0
2023,1,Coburger_Fuchsschaf,313.0
2023,2,Coburger_Fuchsschaf,345.0
2023,3,Coburger_Fuchsschaf,358.0
2023,4,Coburger_Fuchsschaf,382.0
2023,5,Coburger_Fuchsschaf,384.0
2023,6,Coburger_Fuchsschaf,375.0
2023,7,Coburger_Fuchsschaf,369.0
2020,1,Dorper,3716.0
2020,2,Dorper,4164.0
2020,3,Dorper,4427.0
2020,4,Dorper,4377.0
2020,5,Dorper,4373.0
2020,6,Dorper,4412.0
2020,7,Dorper,4266.0
2020,8,Dorper,4122.0
2020,9,Dorper,4061.0
2020,10,Dorper,4030.0
2020,11,Dorper,3951.0
2020,12,Dorper,4039.0
2021,1,Dorper,4301.0
2021,2,Dorper,4585.0
2021,3,Dorper,4790.0
2021,4,Dorper,4844.0
2021,5,Dorper,4774.0
2021,6,Dorper,4625.0
2021,7,Dorper,4494.0
2021,8,Dorper,4266.0
2021,9,Dorper,4112.0
2021,10,Dorper,4078.0
2021,11,Dorper,4101.0
2021,12,Dorper,4150.0
2022,1,Dorper,4447.0
2022,2,Dorper,4667.0
2022,3,Dorper,4786.0
2022,4,Dorper,4720.0
2022,5,Dorper,4694.0
2022,6,Dorper,4565.0
2022,7,Dorper,4404.0
2022,8,Dorper,4182.0
2022,9,Dorper,4019.0
2022,10,Dorper,3914.0
2022,11,Dorper,3953.0
2022,12,Dorper,4020.0
2023,1,Dorper,4239.0
2023,2,Dorper,4403.0
2023,3,Dorper,4602.0
2023,4,Dorper,4578.0
2023,5,Dorper,4498.0
2023,6,Dorper,4337.0
2023,7,Dorper,4231.0
2020,1,Engadinerschaf,8942.0
2020,2,Engadinerschaf,9413.0
2020,3,Engadinerschaf,10063.0
2020,4,Engadinerschaf,10269.0
2020,5,Engadinerschaf,10349.0
2020,6,Engadinerschaf,10252.0
2020,7,Engadinerschaf,10096.0
2020,8,Engadinerschaf,9943.0
2020,9,Engadinerschaf,9922.0
2020,10,Engadinerschaf,10037.0
2020,11,Engadinerschaf,9982.0
2020,12,Engadinerschaf,10023.0
2021,1,Engadinerschaf,10163.0
2021,2,Engadinerschaf,10496.0
2021,3,Engadinerschaf,11070.0
2021,4,Engadinerschaf,11244.0
2021,5,Engadinerschaf,11335.0
2021,6,Engadinerschaf,11252.0
2021,7,Engadinerschaf,11078.0
2021,8,Engadinerschaf,10888.0
2021,9,Engadinerschaf,10757.0
2021,10,Engadinerschaf,10914.0
2021,11,Engadinerschaf,10847.0
2021,12,Engadinerschaf,10812.0
2022,1,Engadinerschaf,10980.0
2022,2,Engadinerschaf,11379.0
2022,3,Engadinerschaf,11995.0
2022,4,Engadinerschaf,12062.0
2022,5,Engadinerschaf,12034.0
2022,6,Engadinerschaf,11837.0
2022,7,Engadinerschaf,11694.0
2022,8,Engadinerschaf,11455.0
2022,9,Engadinerschaf,11273.0
2022,10,Engadinerschaf,11406.0
2022,11,Engadinerschaf,11228.0
2022,12,Engadinerschaf,11187.0
2023,1,Engadinerschaf,11380.0
2023,2,Engadinerschaf,11676.0
2023,3,Engadinerschaf,12060.0
2023,4,Engadinerschaf,12161.0
2023,5,Engadinerschaf,12044.0
2023,6,Engadinerschaf,11805.0
2023,7,Engadinerschaf,11509.0
2020,1,Gotlaender_Pelzschaf,9.0
2020,2,Gotlaender_Pelzschaf,11.0
2020,3,Gotlaender_Pelzschaf,13.0
2020,4,Gotlaender_Pelzschaf,14.0
2020,5,Gotlaender_Pelzschaf,14.0
2020,6,Gotlaender_Pelzschaf,14.0
2020,7,Gotlaender_Pelzschaf,14.0
2020,8,Gotlaender_Pelzschaf,14.0
2020,9,Gotlaender_Pelzschaf,14.0
2020,10,Gotlaender_Pelzschaf,14.0
2020,11,Gotlaender_Pelzschaf,14.0
2020,12,Gotlaender_Pelzschaf,14.0
2021,1,Gotlaender_Pelzschaf,14.0
2021,2,Gotlaender_Pelzschaf,14.0
2021,3,Gotlaender_Pelzschaf,16.0
2021,4,Gotlaender_Pelzschaf,16.0
2021,5,Gotlaender_Pelzschaf,16.0
2021,6,Gotlaender_Pelzschaf,16.0
2021,7,Gotlaender_Pelzschaf,16.0
2021,8,Gotlaender_Pelzschaf,16.0
2021,9,Gotlaender_Pelzschaf,16.0
2021,10,Gotlaender_Pelzschaf,16.0
2021,11,Gotlaender_Pelzschaf,18.0
2021,12,Gotlaender_Pelzschaf,18.0
2022,1,Gotlaender_Pelzschaf,18.0
2022,2,Gotlaender_Pelzschaf,23.0
2022,3,Gotlaender_Pelzschaf,73.0
2022,4,Gotlaender_Pelzschaf,78.0
2022,5,Gotlaender_Pelzschaf,80.0
2022,6,Gotlaender_Pelzschaf,78.0
2022,7,Gotlaender_Pelzschaf,78.0
2022,8,Gotlaender_Pelzschaf,76.0
2022,9,Gotlaender_Pelzschaf,76.0
2022,10,Gotlaender_Pelzschaf,76.0
2022,11,Gotlaender_Pelzschaf,68.0
2022,12,Gotlaender_Pelzschaf,67.0
2023,1,Gotlaender_Pelzschaf,64.0
2023,2,Gotlaender_Pelzschaf,68.0
2023,3,Gotlaender_Pelzschaf,104.0
2023,4,Gotlaender_Pelzschaf,111.0
2023,5,Gotlaender_Pelzschaf,111.0
2023,6,Gotlaender_Pelzschaf,109.0
2023,7,Gotlaender_Pelzschaf,106.0
2020,1,Heidschnucke,3483.0
2020,2,Heidschnucke,3503.0
2020,3,Heidschnucke,4173.0
2020,4,Heidschnucke,5133.0
2020,5,Heidschnucke,5390.0
2020,6,Heidschnucke,5394.0
2020,7,Heidschnucke,5349.0
2020,8,Heidschnucke,5267.0
2020,9,Heidschnucke,5050.0
2020,10,Heidschnucke,4780.0
2020,11,Heidschnucke,4194.0
2020,12,Heidschnucke,3860.0
2021,1,Heidschnucke,3764.0
2021,2,Heidschnucke,3649.0
2021,3,Heidschnucke,4225.0
2021,4,Heidschnucke,5347.0
2021,5,Heidschnucke,5452.0
2021,6,Heidschnucke,5365.0
2021,7,Heidschnucke,5324.0
2021,8,Heidschnucke,5214.0
2021,9,Heidschnucke,4995.0
2021,10,Heidschnucke,4628.0
2021,11,Heidschnucke,4129.0
2021,12,Heidschnucke,3844.0
2022,1,Heidschnucke,3606.0
2022,2,Heidschnucke,3518.0
2022,3,Heidschnucke,4001.0
2022,4,Heidschnucke,4933.0
2022,5,Heidschnucke,5141.0
2022,6,Heidschnucke,5112.0
2022,7,Heidschnucke,5101.0
2022,8,Heidschnucke,4951.0
2022,9,Heidschnucke,4755.0
2022,10,Heidschnucke,4313.0
2022,11,Heidschnucke,3932.0
2022,12,Heidschnucke,3683.0
2023,1,Heidschnucke,3484.0
2023,2,Heidschnucke,3383.0
2023,3,Heidschnucke,3871.0
2023,4,Heidschnucke,4592.0
2023,5,Heidschnucke,4652.0
2023,6,Heidschnucke,4649.0
2023,7,Heidschnucke,4617.0
2020,1,Ile_de_France_Suisse,1938.0
2020,2,Ile_de_France_Suisse,2217.0
2020,3,Ile_de_France_Suisse,2368.0
2020,4,Ile_de_France_Suisse,2427.0
2020,5,Ile_de_France_Suisse,2317.0
2020,6,Ile_de_France_Suisse,2215.0
2020,7,Ile_de_France_Suisse,2084.0
2020,8,Ile_de_France_Suisse,1953.0
2020,9,Ile_de_France_Suisse,1880.0
2020,10,Ile_de_France_Suisse,1865.0
2020,11,Ile_de_France_Suisse,1867.0
2020,12,Ile_de_France_Suisse,2009.0
2021,1,Ile_de_France_Suisse,2166.0
2021,2,Ile_de_France_Suisse,2236.0
2021,3,Ile_de_France_Suisse,2368.0
2021,4,Ile_de_France_Suisse,2400.0
2021,5,Ile_de_France_Suisse,2315.0
2021,6,Ile_de_France_Suisse,2227.0
2021,7,Ile_de_France_Suisse,2139.0
2021,8,Ile_de_France_Suisse,2085.0
2021,9,Ile_de_France_Suisse,2039.0
2021,10,Ile_de_France_Suisse,2024.0
2021,11,Ile_de_France_Suisse,2098.0
2021,12,Ile_de_France_Suisse,2097.0
2022,1,Ile_de_France_Suisse,2553.0
2022,2,Ile_de_France_Suisse,2610.0
2022,3,Ile_de_France_Suisse,2710.0
2022,4,Ile_de_France_Suisse,2761.0
2022,5,Ile_de_France_Suisse,2672.0
2022,6,Ile_de_France_Suisse,2601.0
2022,7,Ile_de_France_Suisse,2538.0
2022,8,Ile_de_France_Suisse,2358.0
2022,9,Ile_de_France_Suisse,2306.0
2022,10,Ile_de_France_Suisse,2213.0
2022,11,Ile_de_France_Suisse,2235.0
2022,12,Ile_de_France_Suisse,2268.0
2023,1,Ile_de_France_Suisse,2542.0
2023,2,Ile_de_France_Suisse,2723.0
2023,3,Ile_de_France_Suisse,2824.0
2023,4,Ile_de_France_Suisse,2891.0
2023,5,Ile_de_France_Suisse,2954.0
2023,6,Ile_de_France_Suisse,2865.0
2023,7,Ile_de_France_Suisse,2763.0
2020,1,Jakobsschaf,546.0
2020,2,Jakobsschaf,677.0
2020,3,Jakobsschaf,840.0
2020,4,Jakobsschaf,902.0
2020,5,Jakobsschaf,910.0
2020,6,Jakobsschaf,903.0
2020,7,Jakobsschaf,891.0
2020,8,Jakobsschaf,877.0
2020,9,Jakobsschaf,824.0
2020,10,Jakobsschaf,795.0
2020,11,Jakobsschaf,767.0
2020,12,Jakobsschaf,712.0
2021,1,Jakobsschaf,710.0
2021,2,Jakobsschaf,831.0
2021,3,Jakobsschaf,1025.0
2021,4,Jakobsschaf,1128.0
2021,5,Jakobsschaf,1109.0
2021,6,Jakobsschaf,1083.0
2021,7,Jakobsschaf,1053.0
2021,8,Jakobsschaf,1034.0
2021,9,Jakobsschaf,981.0
2021,10,Jakobsschaf,925.0
2021,11,Jakobsschaf,878.0
2021,12,Jakobsschaf,825.0
2022,1,Jakobsschaf,788.0
2022,2,Jakobsschaf,964.0
2022,3,Jakobsschaf,1100.0
2022,4,Jakobsschaf,1154.0
2022,5,Jakobsschaf,1154.0
2022,6,Jakobsschaf,1123.0
2022,7,Jakobsschaf,1100.0
2022,8,Jakobsschaf,1066.0
2022,9,Jakobsschaf,988.0
2022,10,Jakobsschaf,922.0
2022,11,Jakobsschaf,857.0
2022,12,Jakobsschaf,824.0
2023,1,Jakobsschaf,807.0
2023,2,Jakobsschaf,951.0
2023,3,Jakobsschaf,1129.0
2023,4,Jakobsschaf,1150.0
2023,5,Jakobsschaf,1140.0
2023,6,Jakobsschaf,1099.0
2023,7,Jakobsschaf,1066.0
2020,1,Kamerunschaf,890.0
2020,2,Kamerunschaf,922.0
2020,3,Kamerunschaf,960.0
2020,4,Kamerunschaf,1037.0
2020,5,Kamerunschaf,1065.0
2020,6,Kamerunschaf,1071.0
2020,7,Kamerunschaf,1060.0
2020,8,Kamerunschaf,1071.0
2020,9,Kamerunschaf,1063.0
2020,10,Kamerunschaf,1061.0
2020,11,Kamerunschaf,1071.0
2020,12,Kamerunschaf,1119.0
2021,1,Kamerunschaf,1168.0
2021,2,Kamerunschaf,1190.0
2021,3,Kamerunschaf,1216.0
2021,4,Kamerunschaf,1237.0
2021,5,Kamerunschaf,1262.0
2021,6,Kamerunschaf,1347.0
2021,7,Kamerunschaf,1357.0
2021,8,Kamerunschaf,1372.0
2021,9,Kamerunschaf,1356.0
2021,10,Kamerunschaf,1329.0
2021,11,Kamerunschaf,1293.0
2021,12,Kamerunschaf,1311.0
2022,1,Kamerunschaf,1345.0
2022,2,Kamerunschaf,1379.0
2022,3,Kamerunschaf,1456.0
2022,4,Kamerunschaf,1463.0
2022,5,Kamerunschaf,1473.0
2022,6,Kamerunschaf,1528.0
2022,7,Kamerunschaf,1525.0
2022,8,Kamerunschaf,1500.0
2022,9,Kamerunschaf,1503.0
2022,10,Kamerunschaf,1466.0
2022,11,Kamerunschaf,1413.0
2022,12,Kamerunschaf,1379.0
2023,1,Kamerunschaf,1385.0
2023,2,Kamerunschaf,1394.0
2023,3,Kamerunschaf,1431.0
2023,4,Kamerunschaf,1395.0
2023,5,Kamerunschaf,1381.0
2023,6,Kamerunschaf,1432.0
2023,7,Kamerunschaf,1421.0
2020,1,Kerry_Hill,5.0
2020,2,Kerry_Hill,5.0
2020,3,Kerry_Hill,5.0
2020,4,Kerry_Hill,5.0
2020,5,Kerry_Hill,5.0
2020,6,Kerry_Hill,5.0
2020,7,Kerry_Hill,5.0
2020,8,Kerry_Hill,5.0
2020,9,Kerry_Hill,5.0
2020,10,Kerry_Hill,5.0
2020,11,Kerry_Hill,5.0
2020,12,Kerry_Hill,7.0
2021,1,Kerry_Hill,7.0
2021,2,Kerry_Hill,7.0
2021,3,Kerry_Hill,7.0
2021,4,Kerry_Hill,11.0
2021,5,Kerry_Hill,11.0
2021,6,Kerry_Hill,11.0
2021,7,Kerry_Hill,16.0
2021,8,Kerry_Hill,17.0
2021,9,Kerry_Hill,17.0
2021,10,Kerry_Hill,17.0
2021,11,Kerry_Hill,17.0
2021,12,Kerry_Hill,17.0
2022,1,Kerry_Hill,17.0
2022,2,Kerry_Hill,21.0
2022,3,Kerry_Hill,62.0
2022,4,Kerry_Hill,76.0
2022,5,Kerry_Hill,78.0
2022,6,Kerry_Hill,79.0
2022,7,Kerry_Hill,77.0
2022,8,Kerry_Hill,73.0
2022,9,Kerry_Hill,74.0
2022,10,Kerry_Hill,96.0
2022,11,Kerry_Hill,116.0
2022,12,Kerry_Hill,121.0
2023,1,Kerry_Hill,121.0
2023,2,Kerry_Hill,139.0
2023,3,Kerry_Hill,190.0
2023,4,Kerry_Hill,223.0
2023,5,Kerry_Hill,216.0
2023,6,Kerry_Hill,213.0
2023,7,Kerry_Hill,194.0
2020,1,Kreuzung,20071.0
2020,2,Kreuzung,21786.0
2020,3,Kreuzung,24609.0
2020,4,Kreuzung,27635.0
2020,5,Kreuzung,29114.0
2020,6,Kreuzung,29399.0
2020,7,Kreuzung,28899.0
2020,8,Kreuzung,28078.0
2020,9,Kreuzung,27596.0
2020,10,Kreuzung,28797.0
2020,11,Kreuzung,29834.0
2020,12,Kreuzung,31854.0
2021,1,Kreuzung,35206.0
2021,2,Kreuzung,40684.0
2021,3,Kreuzung,45518.0
2021,4,Kreuzung,48320.0
2021,5,Kreuzung,48902.0
2021,6,Kreuzung,47779.0
2021,7,Kreuzung,45872.0
2021,8,Kreuzung,43283.0
2021,9,Kreuzung,40438.0
2021,10,Kreuzung,40603.0
2021,11,Kreuzung,40249.0
2021,12,Kreuzung,40793.0
2022,1,Kreuzung,44402.0
2022,2,Kreuzung,50061.0
2022,3,Kreuzung,55410.0
2022,4,Kreuzung,56844.0
2022,5,Kreuzung,57153.0
2022,6,Kreuzung,55161.0
2022,7,Kreuzung,52580.0
2022,8,Kreuzung,49509.0
2022,9,Kreuzung,45933.0
2022,10,Kreuzung,46132.0
2022,11,Kreuzung,46461.0
2022,12,Kreuzung,46640.0
2023,1,Kreuzung,49047.0
2023,2,Kreuzung,55642.0
2023,3,Kreuzung,60159.0
2023,4,Kreuzung,62858.0
2023,5,Kreuzung,62012.0
2023,6,Kreuzung,59103.0
2023,7,Kreuzung,56716.0
2020,1,Lacaune,16548.0
2020,2,Lacaune,17781.0
2020,3,Lacaune,18044.0
2020,4,Lacaune,18134.0
2020,5,Lacaune,17798.0
2020,6,Lacaune,17552.0
2020,7,Lacaune,17466.0
2020,8,Lacaune,17458.0
2020,9,Lacaune,18780.0
2020,10,Lacaune,19252.0
2020,11,Lacaune,19373.0
2020,12,Lacaune,19569.0
2021,1,Lacaune,20668.0
2021,2,Lacaune,21636.0
2021,3,Lacaune,21499.0
2021,4,Lacaune,21534.0
2021,5,Lacaune,20999.0
2021,6,Lacaune,20388.0
2021,7,Lacaune,19944.0
2021,8,Lacaune,19833.0
2021,9,Lacaune,20498.0
2021,10,Lacaune,21336.0
2021,11,Lacaune,21294.0
2021,12,Lacaune,21226.0
2022,1,Lacaune,22466.0
2022,2,Lacaune,23354.0
2022,3,Lacaune,23528.0
2022,4,Lacaune,22881.0
2022,5,Lacaune,22292.0
2022,6,Lacaune,21504.0
2022,7,Lacaune,20741.0
2022,8,Lacaune,20620.0
2022,9,Lacaune,20921.0
2022,10,Lacaune,21698.0
2022,11,Lacaune,21814.0
2022,12,Lacaune,21666.0
2023,1,Lacaune,22672.0
2023,2,Lacaune,23807.0
2023,3,Lacaune,23419.0
2023,4,Lacaune,22993.0
2023,5,Lacaune,22222.0
2023,6,Lacaune,21214.0
2023,7,Lacaune,20308.0
2020,1,Nolana,1981.0
2020,2,Nolana,2296.0
2020,3,Nolana,3012.0
2020,4,Nolana,3086.0
2020,5,Nolana,3047.0
2020,6,Nolana,3044.0
2020,7,Nolana,2977.0
2020,8,Nolana,2803.0
2020,9,Nolana,2634.0
2020,10,Nolana,2508.0
2020,11,Nolana,2402.0
2020,12,Nolana,2464.0
2021,1,Nolana,2523.0
2021,2,Nolana,3125.0
2021,3,Nolana,3595.0
2021,4,Nolana,3720.0
2021,5,Nolana,3717.0
2021,6,Nolana,3681.0
2021,7,Nolana,3580.0
2021,8,Nolana,3387.0
2021,9,Nolana,3172.0
2021,10,Nolana,2967.0
2021,11,Nolana,2946.0
2021,12,Nolana,2935.0
2022,1,Nolana,3008.0
2022,2,Nolana,3424.0
2022,3,Nolana,4060.0
2022,4,Nolana,4246.0
2022,5,Nolana,4263.0
2022,6,Nolana,4074.0
2022,7,Nolana,3980.0
2022,8,Nolana,3841.0
2022,9,Nolana,3557.0
2022,10,Nolana,3348.0
2022,11,Nolana,3301.0
2022,12,Nolana,3231.0
2023,1,Nolana,3340.0
2023,2,Nolana,3699.0
2023,3,Nolana,4436.0
2023,4,Nolana,4638.0
2023,5,Nolana,4640.0
2023,6,Nolana,4505.0
2023,7,Nolana,4337.0
2020,1,Ostfriesisches_Milchschaf,4290.0
2020,2,Ostfriesisches_Milchschaf,5081.0
2020,3,Ostfriesisches_Milchschaf,5261.0
2020,4,Ostfriesisches_Milchschaf,5076.0
2020,5,Ostfriesisches_Milchschaf,4866.0
2020,6,Ostfriesisches_Milchschaf,4694.0
2020,7,Ostfriesisches_Milchschaf,4576.0
2020,8,Ostfriesisches_Milchschaf,4594.0
2020,9,Ostfriesisches_Milchschaf,4695.0
2020,10,Ostfriesisches_Milchschaf,4507.0
2020,11,Ostfriesisches_Milchschaf,4208.0
2020,12,Ostfriesisches_Milchschaf,4034.0
2021,1,Ostfriesisches_Milchschaf,4558.0
2021,2,Ostfriesisches_Milchschaf,5049.0
2021,3,Ostfriesisches_Milchschaf,5131.0
2021,4,Ostfriesisches_Milchschaf,5153.0
2021,5,Ostfriesisches_Milchschaf,4923.0
2021,6,Ostfriesisches_Milchschaf,4784.0
2021,7,Ostfriesisches_Milchschaf,4608.0
2021,8,Ostfriesisches_Milchschaf,4461.0
2021,9,Ostfriesisches_Milchschaf,4626.0
2021,10,Ostfriesisches_Milchschaf,4494.0
2021,11,Ostfriesisches_Milchschaf,4226.0
2021,12,Ostfriesisches_Milchschaf,3927.0
2022,1,Ostfriesisches_Milchschaf,4394.0
2022,2,Ostfriesisches_Milchschaf,4899.0
2022,3,Ostfriesisches_Milchschaf,5182.0
2022,4,Ostfriesisches_Milchschaf,4928.0
2022,5,Ostfriesisches_Milchschaf,4773.0
2022,6,Ostfriesisches_Milchschaf,4596.0
2022,7,Ostfriesisches_Milchschaf,4413.0
2022,8,Ostfriesisches_Milchschaf,4394.0
2022,9,Ostfriesisches_Milchschaf,4433.0
2022,10,Ostfriesisches_Milchschaf,4263.0
2022,11,Ostfriesisches_Milchschaf,3950.0
2022,12,Ostfriesisches_Milchschaf,3885.0
2023,1,Ostfriesisches_Milchschaf,4324.0
2023,2,Ostfriesisches_Milchschaf,4962.0
2023,3,Ostfriesisches_Milchschaf,5202.0
2023,4,Ostfriesisches_Milchschaf,5018.0
2023,5,Ostfriesisches_Milchschaf,4812.0
2023,6,Ostfriesisches_Milchschaf,4500.0
2023,7,Ostfriesisches_Milchschaf,4198.0
2020,1,Ouessant,2882.0
2020,2,Ouessant,2889.0
2020,3,Ouessant,3059.0
2020,4,Ouessant,3398.0
2020,5,Ouessant,3509.0
2020,6,Ouessant,3512.0
2020,7,Ouessant,3486.0
2020,8,Ouessant,3465.0
2020,9,Ouessant,3423.0
2020,10,Ouessant,3389.0
2020,11,Ouessant,3331.0
2020,12,Ouessant,3313.0
2021,1,Ouessant,3294.0
2021,2,Ouessant,3280.0
2021,3,Ouessant,3461.0
2021,4,Ouessant,3936.0
2021,5,Ouessant,4018.0
2021,6,Ouessant,4030.0
2021,7,Ouessant,4023.0
2021,8,Ouessant,3990.0
2021,9,Ouessant,3946.0
2021,10,Ouessant,3832.0
2021,11,Ouessant,3757.0
2021,12,Ouessant,3725.0
2022,1,Ouessant,3666.0
2022,2,Ouessant,3637.0
2022,3,Ouessant,3774.0
2022,4,Ouessant,4223.0
2022,5,Ouessant,4356.0
2022,6,Ouessant,4352.0
2022,7,Ouessant,4340.0
2022,8,Ouessant,4248.0
2022,9,Ouessant,4205.0
2022,10,Ouessant,4135.0
2022,11,Ouessant,4041.0
2022,12,Ouessant,4001.0
2023,1,Ouessant,3952.0
2023,2,Ouessant,3928.0
2023,3,Ouessant,4113.0
2023,4,Ouessant,4455.0
2023,5,Ouessant,4518.0
2023,6,Ouessant,4530.0
2023,7,Ouessant,4450.0
2020,1,Oxford,25.0
2020,2,Oxford,26.0
2020,3,Oxford,26.0
2020,4,Oxford,27.0
2020,5,Oxford,27.0
2020,6,Oxford,27.0
2020,7,Oxford,27.0
2020,8,Oxford,27.0
2020,9,Oxford,27.0
2020,10,Oxford,27.0
2020,11,Oxford,27.0
2020,12,Oxford,28.0
2021,1,Oxford,32.0
2021,2,Oxford,33.0
2021,3,Oxford,34.0
2021,4,Oxford,34.0
2021,5,Oxford,34.0
2021,6,Oxford,34.0
2021,7,Oxford,34.0
2021,8,Oxford,34.0
2021,9,Oxford,34.0
2021,10,Oxford,36.0
2021,11,Oxford,51.0
2021,12,Oxford,62.0
2022,1,Oxford,95.0
2022,2,Oxford,126.0
2022,3,Oxford,171.0
2022,4,Oxford,179.0
2022,5,Oxford,192.0
2022,6,Oxford,184.0
2022,7,Oxford,162.0
2022,8,Oxford,144.0
2022,9,Oxford,134.0
2022,10,Oxford,130.0
2022,11,Oxford,101.0
2022,12,Oxford,99.0
2023,1,Oxford,117.0
2023,2,Oxford,135.0
2023,3,Oxford,170.0
2023,4,Oxford,166.0
2023,5,Oxford,158.0
2023,6,Oxford,149.0
2023,7,Oxford,142.0
2020,1,Rasse unbekannt,131994.0
2020,2,Rasse unbekannt,146017.0
2020,3,Rasse unbekannt,157217.0
2020,4,Rasse unbekannt,158705.0
2020,5,Rasse unbekannt,157630.0
2020,6,Rasse unbekannt,153018.0
2020,7,Rasse unbekannt,147411.0
2020,8,Rasse unbekannt,141925.0
2020,9,Rasse unbekannt,132869.0
2020,10,Rasse unbekannt,133109.0
2020,11,Rasse unbekannt,133137.0
2020,12,Rasse unbekannt,132866.0
2021,1,Rasse unbekannt,136845.0
2021,2,Rasse unbekannt,144858.0
2021,3,Rasse unbekannt,150227.0
2021,4,Rasse unbekannt,153881.0
2021,5,Rasse unbekannt,152546.0
2021,6,Rasse unbekannt,149473.0
2021,7,Rasse unbekannt,143830.0
2021,8,Rasse unbekannt,137835.0
2021,9,Rasse unbekannt,130049.0
2021,10,Rasse unbekannt,130341.0
2021,11,Rasse unbekannt,129633.0
2021,12,Rasse unbekannt,129131.0
2022,1,Rasse unbekannt,134239.0
2022,2,Rasse unbekannt,141950.0
2022,3,Rasse unbekannt,150362.0
2022,4,Rasse unbekannt,153787.0
2022,5,Rasse unbekannt,153626.0
2022,6,Rasse unbekannt,150280.0
2022,7,Rasse unbekannt,145661.0
2022,8,Rasse unbekannt,139310.0
2022,9,Rasse unbekannt,131237.0
2022,10,Rasse unbekannt,131217.0
2022,11,Rasse unbekannt,130770.0
2022,12,Rasse unbekannt,130079.0
2023,1,Rasse unbekannt,133566.0
2023,2,Rasse unbekannt,142988.0
2023,3,Rasse unbekannt,146792.0
2023,4,Rasse unbekannt,150477.0
2023,5,Rasse unbekannt,149344.0
2023,6,Rasse unbekannt,143755.0
2023,7,Rasse unbekannt,138638.0
2020,1,Rouge_de_lOuest,923.0
2020,2,Rouge_de_lOuest,1061.0
2020,3,Rouge_de_lOuest,1121.0
2020,4,Rouge_de_lOuest,1212.0
2020,5,Rouge_de_lOuest,1219.0
2020,6,Rouge_de_lOuest,1212.0
2020,7,Rouge_de_lOuest,1190.0
2020,8,Rouge_de_lOuest,1165.0
2020,9,Rouge_de_lOuest,1171.0
2020,10,Rouge_de_lOuest,1125.0
2020,11,Rouge_de_lOuest,1100.0
2020,12,Rouge_de_lOuest,1089.0
2021,1,Rouge_de_lOuest,1056.0
2021,2,Rouge_de_lOuest,1202.0
2021,3,Rouge_de_lOuest,1332.0
2021,4,Rouge_de_lOuest,1390.0
2021,5,Rouge_de_lOuest,1390.0
2021,6,Rouge_de_lOuest,1323.0
2021,7,Rouge_de_lOuest,1289.0
2021,8,Rouge_de_lOuest,1249.0
2021,9,Rouge_de_lOuest,1190.0
2021,10,Rouge_de_lOuest,1137.0
2021,11,Rouge_de_lOuest,1095.0
2021,12,Rouge_de_lOuest,1128.0
2022,1,Rouge_de_lOuest,1191.0
2022,2,Rouge_de_lOuest,1425.0
2022,3,Rouge_de_lOuest,1436.0
2022,4,Rouge_de_lOuest,1527.0
2022,5,Rouge_de_lOuest,1504.0
2022,6,Rouge_de_lOuest,1451.0
2022,7,Rouge_de_lOuest,1396.0
2022,8,Rouge_de_lOuest,1367.0
2022,9,Rouge_de_lOuest,1307.0
2022,10,Rouge_de_lOuest,1261.0
2022,11,Rouge_de_lOuest,1195.0
2022,12,Rouge_de_lOuest,1179.0
2023,1,Rouge_de_lOuest,1148.0
2023,2,Rouge_de_lOuest,1415.0
2023,3,Rouge_de_lOuest,1597.0
2023,4,Rouge_de_lOuest,1548.0
2023,5,Rouge_de_lOuest,1471.0
2023,6,Rouge_de_lOuest,1346.0
2023,7,Rouge_de_lOuest,1315.0
2020,1,Saaser_Mutte,1134.0
2020,2,Saaser_Mutte,1165.0
2020,3,Saaser_Mutte,1217.0
2020,4,Saaser_Mutte,1273.0
2020,5,Saaser_Mutte,1300.0
2020,6,Saaser_Mutte,1283.0
2020,7,Saaser_Mutte,1279.0
2020,8,Saaser_Mutte,1263.0
2020,9,Saaser_Mutte,1265.0
2020,10,Saaser_Mutte,1394.0
2020,11,Saaser_Mutte,1409.0
2020,12,Saaser_Mutte,1446.0
2021,1,Saaser_Mutte,1450.0
2021,2,Saaser_Mutte,1484.0
2021,3,Saaser_Mutte,1554.0
2021,4,Saaser_Mutte,1629.0
2021,5,Saaser_Mutte,1717.0
2021,6,Saaser_Mutte,1707.0
2021,7,Saaser_Mutte,1688.0
2021,8,Saaser_Mutte,1688.0
2021,9,Saaser_Mutte,1674.0
2021,10,Saaser_Mutte,1763.0
2021,11,Saaser_Mutte,1761.0
2021,12,Saaser_Mutte,1773.0
2022,1,Saaser_Mutte,1768.0
2022,2,Saaser_Mutte,1812.0
2022,3,Saaser_Mutte,1936.0
2022,4,Saaser_Mutte,2065.0
2022,5,Saaser_Mutte,2157.0
2022,6,Saaser_Mutte,2211.0
2022,7,Saaser_Mutte,2185.0
2022,8,Saaser_Mutte,2150.0
2022,9,Saaser_Mutte,2109.0
2022,10,Saaser_Mutte,2214.0
2022,11,Saaser_Mutte,2236.0
2022,12,Saaser_Mutte,2235.0
2023,1,Saaser_Mutte,2252.0
2023,2,Saaser_Mutte,2293.0
2023,3,Saaser_Mutte,2542.0
2023,4,Saaser_Mutte,2635.0
2023,5,Saaser_Mutte,2689.0
2023,6,Saaser_Mutte,2617.0
2023,7,Saaser_Mutte,2582.0
2020,1,Schwarzbraunes_Bergschaf,34417.0
2020,2,Schwarzbraunes_Bergschaf,36751.0
2020,3,Schwarzbraunes_Bergschaf,38399.0
2020,4,Schwarzbraunes_Bergschaf,38756.0
2020,5,Schwarzbraunes_Bergschaf,38493.0
2020,6,Schwarzbraunes_Bergschaf,37897.0
2020,7,Schwarzbraunes_Bergschaf,36789.0
2020,8,Schwarzbraunes_Bergschaf,35862.0
2020,9,Schwarzbraunes_Bergschaf,35173.0
2020,10,Schwarzbraunes_Bergschaf,35978.0
2020,11,Schwarzbraunes_Bergschaf,36079.0
2020,12,Schwarzbraunes_Bergschaf,36411.0
2021,1,Schwarzbraunes_Bergschaf,37697.0
2021,2,Schwarzbraunes_Bergschaf,39145.0
2021,3,Schwarzbraunes_Bergschaf,39992.0
2021,4,Schwarzbraunes_Bergschaf,40493.0
2021,5,Schwarzbraunes_Bergschaf,40208.0
2021,6,Schwarzbraunes_Bergschaf,39331.0
2021,7,Schwarzbraunes_Bergschaf,38407.0
2021,8,Schwarzbraunes_Bergschaf,37294.0
2021,9,Schwarzbraunes_Bergschaf,36214.0
2021,10,Schwarzbraunes_Bergschaf,37055.0
2021,11,Schwarzbraunes_Bergschaf,36866.0
2021,12,Schwarzbraunes_Bergschaf,37161.0
2022,1,Schwarzbraunes_Bergschaf,38621.0
2022,2,Schwarzbraunes_Bergschaf,40168.0
2022,3,Schwarzbraunes_Bergschaf,41727.0
2022,4,Schwarzbraunes_Bergschaf,41808.0
2022,5,Schwarzbraunes_Bergschaf,41609.0
2022,6,Schwarzbraunes_Bergschaf,40607.0
2022,7,Schwarzbraunes_Bergschaf,39405.0
2022,8,Schwarzbraunes_Bergschaf,37965.0
2022,9,Schwarzbraunes_Bergschaf,36934.0
2022,10,Schwarzbraunes_Bergschaf,37490.0
2022,11,Schwarzbraunes_Bergschaf,37590.0
2022,12,Schwarzbraunes_Bergschaf,37607.0
2023,1,Schwarzbraunes_Bergschaf,38589.0
2023,2,Schwarzbraunes_Bergschaf,40210.0
2023,3,Schwarzbraunes_Bergschaf,41006.0
2023,4,Schwarzbraunes_Bergschaf,41161.0
2023,5,Schwarzbraunes_Bergschaf,40602.0
2023,6,Schwarzbraunes_Bergschaf,39284.0
2023,7,Schwarzbraunes_Bergschaf,38193.0
2020,1,Scottish_Blackface,529.0
2020,2,Scottish_Blackface,610.0
2020,3,Scottish_Blackface,714.0
2020,4,Scottish_Blackface,714.0
2020,5,Scottish_Blackface,715.0
2020,6,Scottish_Blackface,708.0
2020,7,Scottish_Blackface,698.0
2020,8,Scottish_Blackface,695.0
2020,9,Scottish_Blackface,685.0
2020,10,Scottish_Blackface,658.0
2020,11,Scottish_Blackface,632.0
2020,12,Scottish_Blackface,586.0
2021,1,Scottish_Blackface,573.0
2021,2,Scottish_Blackface,647.0
2021,3,Scottish_Blackface,770.0
2021,4,Scottish_Blackface,796.0
2021,5,Scottish_Blackface,784.0
2021,6,Scottish_Blackface,789.0
2021,7,Scottish_Blackface,783.0
2021,8,Scottish_Blackface,766.0
2021,9,Scottish_Blackface,698.0
2021,10,Scottish_Blackface,660.0
2021,11,Scottish_Blackface,634.0
2021,12,Scottish_Blackface,578.0
2022,1,Scottish_Blackface,574.0
2022,2,Scottish_Blackface,582.0
2022,3,Scottish_Blackface,674.0
2022,4,Scottish_Blackface,734.0
2022,5,Scottish_Blackface,735.0
2022,6,Scottish_Blackface,731.0
2022,7,Scottish_Blackface,719.0
2022,8,Scottish_Blackface,696.0
2022,9,Scottish_Blackface,656.0
2022,10,Scottish_Blackface,643.0
2022,11,Scottish_Blackface,624.0
2022,12,Scottish_Blackface,592.0
2023,1,Scottish_Blackface,568.0
2023,2,Scottish_Blackface,562.0
2023,3,Scottish_Blackface,628.0
2023,4,Scottish_Blackface,646.0
2023,5,Scottish_Blackface,667.0
2023,6,Scottish_Blackface,646.0
2023,7,Scottish_Blackface,631.0
2020,1,Shropshire,2933.0
2020,2,Shropshire,3499.0
2020,3,Shropshire,3786.0
2020,4,Shropshire,3881.0
2020,5,Shropshire,3799.0
2020,6,Shropshire,3728.0
2020,7,Shropshire,3562.0
2020,8,Shropshire,3368.0
2020,9,Shropshire,3208.0
2020,10,Shropshire,3051.0
2020,11,Shropshire,2848.0
2020,12,Shropshire,2782.0
2021,1,Shropshire,3164.0
2021,2,Shropshire,3786.0
2021,3,Shropshire,4050.0
2021,4,Shropshire,4119.0
2021,5,Shropshire,4049.0
2021,6,Shropshire,3971.0
2021,7,Shropshire,3775.0
2021,8,Shropshire,3547.0
2021,9,Shropshire,3376.0
2021,10,Shropshire,3230.0
2021,11,Shropshire,3042.0
2021,12,Shropshire,3045.0
2022,1,Shropshire,3510.0
2022,2,Shropshire,3962.0
2022,3,Shropshire,4362.0
2022,4,Shropshire,4381.0
2022,5,Shropshire,4310.0
2022,6,Shropshire,4154.0
2022,7,Shropshire,3959.0
2022,8,Shropshire,3725.0
2022,9,Shropshire,3462.0
2022,10,Shropshire,3297.0
2022,11,Shropshire,3192.0
2022,12,Shropshire,3129.0
2023,1,Shropshire,3516.0
2023,2,Shropshire,4113.0
2023,3,Shropshire,4447.0
2023,4,Shropshire,4500.0
2023,5,Shropshire,4449.0
2023,6,Shropshire,4275.0
2023,7,Shropshire,4022.0
2020,1,Skudde,4430.0
2020,2,Skudde,4808.0
2020,3,Skudde,5428.0
2020,4,Skudde,5714.0
2020,5,Skudde,5747.0
2020,6,Skudde,5718.0
2020,7,Skudde,5678.0
2020,8,Skudde,5552.0
2020,9,Skudde,5480.0
2020,10,Skudde,5392.0
2020,11,Skudde,5181.0
2020,12,Skudde,4981.0
2021,1,Skudde,5121.0
2021,2,Skudde,5440.0
2021,3,Skudde,5799.0
2021,4,Skudde,6088.0
2021,5,Skudde,6103.0
2021,6,Skudde,6010.0
2021,7,Skudde,5953.0
2021,8,Skudde,5880.0
2021,9,Skudde,5785.0
2021,10,Skudde,5665.0
2021,11,Skudde,5310.0
2021,12,Skudde,5137.0
2022,1,Skudde,5146.0
2022,2,Skudde,5444.0
2022,3,Skudde,5907.0
2022,4,Skudde,6133.0
2022,5,Skudde,6356.0
2022,6,Skudde,6297.0
2022,7,Skudde,6235.0
2022,8,Skudde,6074.0
2022,9,Skudde,5911.0
2022,10,Skudde,5797.0
2022,11,Skudde,5614.0
2022,12,Skudde,5410.0
2023,1,Skudde,5318.0
2023,2,Skudde,5629.0
2023,3,Skudde,5965.0
2023,4,Skudde,6011.0
2023,5,Skudde,6018.0
2023,6,Skudde,5968.0
2023,7,Skudde,5878.0
2020,1,Soayschaf,128.0
2020,2,Soayschaf,129.0
2020,3,Soayschaf,145.0
2020,4,Soayschaf,198.0
2020,5,Soayschaf,217.0
2020,6,Soayschaf,218.0
2020,7,Soayschaf,212.0
2020,8,Soayschaf,200.0
2020,9,Soayschaf,200.0
2020,10,Soayschaf,187.0
2020,11,Soayschaf,172.0
2020,12,Soayschaf,171.0
2021,1,Soayschaf,166.0
2021,2,Soayschaf,155.0
2021,3,Soayschaf,174.0
2021,4,Soayschaf,261.0
2021,5,Soayschaf,268.0
2021,6,Soayschaf,264.0
2021,7,Soayschaf,260.0
2021,8,Soayschaf,249.0
2021,9,Soayschaf,242.0
2021,10,Soayschaf,241.0
2021,11,Soayschaf,227.0
2021,12,Soayschaf,209.0
2022,1,Soayschaf,201.0
2022,2,Soayschaf,189.0
2022,3,Soayschaf,205.0
2022,4,Soayschaf,280.0
2022,5,Soayschaf,300.0
2022,6,Soayschaf,301.0
2022,7,Soayschaf,298.0
2022,8,Soayschaf,287.0
2022,9,Soayschaf,285.0
2022,10,Soayschaf,281.0
2022,11,Soayschaf,276.0
2022,12,Soayschaf,256.0
2023,1,Soayschaf,236.0
2023,2,Soayschaf,230.0
2023,3,Soayschaf,242.0
2023,4,Soayschaf,269.0
2023,5,Soayschaf,260.0
2023,6,Soayschaf,255.0
2023,7,Soayschaf,250.0
2020,1,Spiegelschaf,7372.0
2020,2,Spiegelschaf,7813.0
2020,3,Spiegelschaf,8644.0
2020,4,Spiegelschaf,8842.0
2020,5,Spiegelschaf,8843.0
2020,6,Spiegelschaf,8644.0
2020,7,Spiegelschaf,8497.0
2020,8,Spiegelschaf,8385.0
2020,9,Spiegelschaf,8168.0
2020,10,Spiegelschaf,8676.0
2020,11,Spiegelschaf,8700.0
2020,12,Spiegelschaf,8673.0
2021,1,Spiegelschaf,8862.0
2021,2,Spiegelschaf,9244.0
2021,3,Spiegelschaf,9750.0
2021,4,Spiegelschaf,10149.0
2021,5,Spiegelschaf,10009.0
2021,6,Spiegelschaf,9830.0
2021,7,Spiegelschaf,9633.0
2021,8,Spiegelschaf,9474.0
2021,9,Spiegelschaf,9162.0
2021,10,Spiegelschaf,9965.0
2021,11,Spiegelschaf,10153.0
2021,12,Spiegelschaf,10098.0
2022,1,Spiegelschaf,10408.0
2022,2,Spiegelschaf,10684.0
2022,3,Spiegelschaf,11287.0
2022,4,Spiegelschaf,11310.0
2022,5,Spiegelschaf,11204.0
2022,6,Spiegelschaf,11043.0
2022,7,Spiegelschaf,10812.0
2022,8,Spiegelschaf,10507.0
2022,9,Spiegelschaf,10317.0
2022,10,Spiegelschaf,11150.0
2022,11,Spiegelschaf,11228.0
2022,12,Spiegelschaf,11180.0
2023,1,Spiegelschaf,11336.0
2023,2,Spiegelschaf,11726.0
2023,3,Spiegelschaf,12008.0
2023,4,Spiegelschaf,12138.0
2023,5,Spiegelschaf,11963.0
2023,6,Spiegelschaf,11598.0
2023,7,Spiegelschaf,11302.0
2020,1,Suffolk,9774.0
2020,2,Suffolk,11343.0
2020,3,Suffolk,13212.0
2020,4,Suffolk,13349.0
2020,5,Suffolk,12942.0
2020,6,Suffolk,12451.0
2020,7,Suffolk,11997.0
2020,8,Suffolk,11342.0
2020,9,Suffolk,10794.0
2020,10,Suffolk,10170.0
2020,11,Suffolk,9860.0
2020,12,Suffolk,10060.0
2021,1,Suffolk,10885.0
2021,2,Suffolk,12557.0
2021,3,Suffolk,13818.0
2021,4,Suffolk,14060.0
2021,5,Suffolk,13685.0
2021,6,Suffolk,13166.0
2021,7,Suffolk,12603.0
2021,8,Suffolk,11969.0
2021,9,Suffolk,11442.0
2021,10,Suffolk,10871.0
2021,11,Suffolk,10473.0
2021,12,Suffolk,10350.0
2022,1,Suffolk,11231.0
2022,2,Suffolk,12617.0
2022,3,Suffolk,13675.0
2022,4,Suffolk,14056.0
2022,5,Suffolk,13709.0
2022,6,Suffolk,13174.0
2022,7,Suffolk,12552.0
2022,8,Suffolk,11877.0
2022,9,Suffolk,11309.0
2022,10,Suffolk,10769.0
2022,11,Suffolk,10426.0
2022,12,Suffolk,10188.0
2023,1,Suffolk,10857.0
2023,2,Suffolk,12167.0
2023,3,Suffolk,12977.0
2023,4,Suffolk,12938.0
2023,5,Suffolk,12570.0
2023,6,Suffolk,12034.0
2023,7,Suffolk,11604.0
2020,1,Texel,8591.0
2020,2,Texel,10495.0
2020,3,Texel,12380.0
2020,4,Texel,12599.0
2020,5,Texel,12347.0
2020,6,Texel,11860.0
2020,7,Texel,11274.0
2020,8,Texel,10538.0
2020,9,Texel,9897.0
2020,10,Texel,9383.0
2020,11,Texel,8914.0
2020,12,Texel,8769.0
2021,1,Texel,9034.0
2021,2,Texel,10250.0
2021,3,Texel,12053.0
2021,4,Texel,12275.0
2021,5,Texel,12164.0
2021,6,Texel,11803.0
2021,7,Texel,11363.0
2021,8,Texel,10644.0
2021,9,Texel,9849.0
2021,10,Texel,9398.0
2021,11,Texel,8884.0
2021,12,Texel,8444.0
2022,1,Texel,8559.0
2022,2,Texel,9979.0
2022,3,Texel,11737.0
2022,4,Texel,11952.0
2022,5,Texel,11743.0
2022,6,Texel,11442.0
2022,7,Texel,11096.0
2022,8,Texel,10478.0
2022,9,Texel,9705.0
2022,10,Texel,9222.0
2022,11,Texel,8785.0
2022,12,Texel,8357.0
2023,1,Texel,8337.0
2023,2,Texel,9818.0
2023,3,Texel,11181.0
2023,4,Texel,11227.0
2023,5,Texel,11094.0
2023,6,Texel,10590.0
2023,7,Texel,10150.0
2020,1,Waldschaf,6.0
2020,2,Waldschaf,7.0
2020,3,Waldschaf,7.0
2020,4,Waldschaf,7.0
2020,5,Waldschaf,7.0
2020,6,Waldschaf,7.0
2020,7,Waldschaf,7.0
2020,8,Waldschaf,7.0
2020,9,Waldschaf,7.0
2020,10,Waldschaf,7.0
2020,11,Waldschaf,7.0
2020,12,Waldschaf,7.0
2021,1,Waldschaf,8.0
2021,2,Waldschaf,9.0
2021,3,Waldschaf,9.0
2021,4,Waldschaf,11.0
2021,5,Waldschaf,11.0
2021,6,Waldschaf,11.0
2021,7,Waldschaf,11.0
2021,8,Waldschaf,11.0
2021,9,Waldschaf,11.0
2021,10,Waldschaf,11.0
2021,11,Waldschaf,14.0
2021,12,Waldschaf,17.0
2022,1,Waldschaf,21.0
2022,2,Waldschaf,21.0
2022,3,Waldschaf,23.0
2022,4,Waldschaf,22.0
2022,5,Waldschaf,29.0
2022,6,Waldschaf,28.0
2022,7,Waldschaf,28.0
2022,8,Waldschaf,28.0
2022,9,Waldschaf,26.0
2022,10,Waldschaf,21.0
2022,11,Waldschaf,22.0
2022,12,Waldschaf,22.0
2023,1,Waldschaf,24.0
2023,2,Waldschaf,18.0
2023,3,Waldschaf,17.0
2023,4,Waldschaf,19.0
2023,5,Waldschaf,33.0
2023,6,Waldschaf,34.0
2023,7,Waldschaf,33.0
2020,1,Walliser_Landschaf,2830.0
2020,2,Walliser_Landschaf,3007.0
2020,3,Walliser_Landschaf,3269.0
2020,4,Walliser_Landschaf,3333.0
2020,5,Walliser_Landschaf,3354.0
2020,6,Walliser_Landschaf,3331.0
2020,7,Walliser_Landschaf,3321.0
2020,8,Walliser_Landschaf,3287.0
2020,9,Walliser_Landschaf,3254.0
2020,10,Walliser_Landschaf,3198.0
2020,11,Walliser_Landschaf,3102.0
2020,12,Walliser_Landschaf,3048.0
2021,1,Walliser_Landschaf,3037.0
2021,2,Walliser_Landschaf,3254.0
2021,3,Walliser_Landschaf,3508.0
2021,4,Walliser_Landschaf,3592.0
2021,5,Walliser_Landschaf,3615.0
2021,6,Walliser_Landschaf,3592.0
2021,7,Walliser_Landschaf,3514.0
2021,8,Walliser_Landschaf,3463.0
2021,9,Walliser_Landschaf,3427.0
2021,10,Walliser_Landschaf,3409.0
2021,11,Walliser_Landschaf,3316.0
2021,12,Walliser_Landschaf,3139.0
2022,1,Walliser_Landschaf,3116.0
2022,2,Walliser_Landschaf,3367.0
2022,3,Walliser_Landschaf,3591.0
2022,4,Walliser_Landschaf,3661.0
2022,5,Walliser_Landschaf,3635.0
2022,6,Walliser_Landschaf,3581.0
2022,7,Walliser_Landschaf,3536.0
2022,8,Walliser_Landschaf,3449.0
2022,9,Walliser_Landschaf,3412.0
2022,10,Walliser_Landschaf,3388.0
2022,11,Walliser_Landschaf,3213.0
2022,12,Walliser_Landschaf,3199.0
2023,1,Walliser_Landschaf,3187.0
2023,2,Walliser_Landschaf,3427.0
2023,3,Walliser_Landschaf,3671.0
2023,4,Walliser_Landschaf,3714.0
2023,5,Walliser_Landschaf,3632.0
2023,6,Walliser_Landschaf,3583.0
2023,7,Walliser_Landschaf,3505.0
2020,1,Walliser_Schwarznasenschaf,16974.0
2020,2,Walliser_Schwarznasenschaf,16723.0
2020,3,Walliser_Schwarznasenschaf,18212.0
2020,4,Walliser_Schwarznasenschaf,19039.0
2020,5,Walliser_Schwarznasenschaf,18978.0
2020,6,Walliser_Schwarznasenschaf,18550.0
2020,7,Walliser_Schwarznasenschaf,18431.0
2020,8,Walliser_Schwarznasenschaf,18127.0
2020,9,Walliser_Schwarznasenschaf,17619.0
2020,10,Walliser_Schwarznasenschaf,19792.0
2020,11,Walliser_Schwarznasenschaf,19669.0
2020,12,Walliser_Schwarznasenschaf,18973.0
2021,1,Walliser_Schwarznasenschaf,18075.0
2021,2,Walliser_Schwarznasenschaf,17359.0
2021,3,Walliser_Schwarznasenschaf,18596.0
2021,4,Walliser_Schwarznasenschaf,19705.0
2021,5,Walliser_Schwarznasenschaf,19542.0
2021,6,Walliser_Schwarznasenschaf,19179.0
2021,7,Walliser_Schwarznasenschaf,18929.0
2021,8,Walliser_Schwarznasenschaf,18522.0
2021,9,Walliser_Schwarznasenschaf,18031.0
2021,10,Walliser_Schwarznasenschaf,19882.0
2021,11,Walliser_Schwarznasenschaf,19845.0
2021,12,Walliser_Schwarznasenschaf,19333.0
2022,1,Walliser_Schwarznasenschaf,18381.0
2022,2,Walliser_Schwarznasenschaf,17794.0
2022,3,Walliser_Schwarznasenschaf,19105.0
2022,4,Walliser_Schwarznasenschaf,20138.0
2022,5,Walliser_Schwarznasenschaf,20057.0
2022,6,Walliser_Schwarznasenschaf,19476.0
2022,7,Walliser_Schwarznasenschaf,19262.0
2022,8,Walliser_Schwarznasenschaf,18891.0
2022,9,Walliser_Schwarznasenschaf,18317.0
2022,10,Walliser_Schwarznasenschaf,20058.0
2022,11,Walliser_Schwarznasenschaf,19678.0
2022,12,Walliser_Schwarznasenschaf,19045.0
2023,1,Walliser_Schwarznasenschaf,18335.0
2023,2,Walliser_Schwarznasenschaf,17771.0
2023,3,Walliser_Schwarznasenschaf,18738.0
2023,4,Walliser_Schwarznasenschaf,19626.0
2023,5,Walliser_Schwarznasenschaf,19550.0
2023,6,Walliser_Schwarznasenschaf,18810.0
2023,7,Walliser_Schwarznasenschaf,18569.0
2020,1,Weisses_Alpenschaf,73417.0
2020,2,Weisses_Alpenschaf,77280.0
2020,3,Weisses_Alpenschaf,81061.0
2020,4,Weisses_Alpenschaf,81271.0
2020,5,Weisses_Alpenschaf,79803.0
2020,6,Weisses_Alpenschaf,77474.0
2020,7,Weisses_Alpenschaf,75669.0
2020,8,Weisses_Alpenschaf,73054.0
2020,9,Weisses_Alpenschaf,69928.0
2020,10,Weisses_Alpenschaf,73291.0
2020,11,Weisses_Alpenschaf,75357.0
2020,12,Weisses_Alpenschaf,75534.0
2021,1,Weisses_Alpenschaf,76237.0
2021,2,Weisses_Alpenschaf,77372.0
2021,3,Weisses_Alpenschaf,78422.0
2021,4,Weisses_Alpenschaf,79072.0
2021,5,Weisses_Alpenschaf,77405.0
2021,6,Weisses_Alpenschaf,75078.0
2021,7,Weisses_Alpenschaf,73099.0
2021,8,Weisses_Alpenschaf,70614.0
2021,9,Weisses_Alpenschaf,66905.0
2021,10,Weisses_Alpenschaf,70311.0
2021,11,Weisses_Alpenschaf,71774.0
2021,12,Weisses_Alpenschaf,72332.0
2022,1,Weisses_Alpenschaf,73101.0
2022,2,Weisses_Alpenschaf,74163.0
2022,3,Weisses_Alpenschaf,76674.0
2022,4,Weisses_Alpenschaf,76169.0
2022,5,Weisses_Alpenschaf,74270.0
2022,6,Weisses_Alpenschaf,71930.0
2022,7,Weisses_Alpenschaf,69616.0
2022,8,Weisses_Alpenschaf,66765.0
2022,9,Weisses_Alpenschaf,63079.0
2022,10,Weisses_Alpenschaf,65872.0
2022,11,Weisses_Alpenschaf,67931.0
2022,12,Weisses_Alpenschaf,67544.0
2023,1,Weisses_Alpenschaf,67944.0
2023,2,Weisses_Alpenschaf,69520.0
2023,3,Weisses_Alpenschaf,70558.0
2023,4,Weisses_Alpenschaf,69983.0
2023,5,Weisses_Alpenschaf,67782.0
2023,6,Weisses_Alpenschaf,65159.0
2023,7,Weisses_Alpenschaf,63233.0
2020,1,Poll_Dorset,
2020,2,Poll_Dorset,
2020,3,Poll_Dorset,
2020,4,Poll_Dorset,
2020,5,Poll_Dorset,
2020,6,Poll_Dorset,
2020,7,Poll_Dorset,
2020,8,Poll_Dorset,
2020,9,Poll_Dorset,
2020,10,Poll_Dorset,
2020,11,Poll_Dorset,
2020,12,Poll_Dorset,
2021,1,Poll_Dorset,
2021,2,Poll_Dorset,
2021,3,Poll_Dorset,
2021,4,Poll_Dorset,
2021,5,Poll_Dorset,
2021,6,Poll_Dorset,
2021,7,Poll_Dorset,
2021,8,Poll_Dorset,6.0
2021,9,Poll_Dorset,6.0
2021,10,Poll_Dorset,6.0
2021,11,Poll_Dorset,6.0
2021,12,Poll_Dorset,6.0
2022,1,Poll_Dorset,22.0
2022,2,Poll_Dorset,31.0
2022,3,Poll_Dorset,37.0
2022,4,Poll_Dorset,32.0
2022,5,Poll_Dorset,32.0
2022,6,Poll_Dorset,32.0
2022,7,Poll_Dorset,32.0
2022,8,Poll_Dorset,33.0
2022,9,Poll_Dorset,33.0
2022,10,Poll_Dorset,33.0
2022,11,Poll_Dorset,33.0
2022,12,Poll_Dorset,36.0
2023,1,Poll_Dorset,35.0
2023,2,Poll_Dorset,37.0
2023,3,Poll_Dorset,32.0
2023,4,Poll_Dorset,31.0
2023,5,Poll_Dorset,30.0
2023,6,Poll_Dorset,30.0
2023,7,Poll_Dorset,30.0
2020,1,Swifter,
2020,2,Swifter,
2020,3,Swifter,
2020,4,Swifter,
2020,5,Swifter,
2020,6,Swifter,
2020,7,Swifter,
2020,8,Swifter,
2020,9,Swifter,
2020,10,Swifter,
2020,11,Swifter,
2020,12,Swifter,
2021,1,Swifter,
2021,2,Swifter,
2021,3,Swifter,
2021,4,Swifter,
2021,5,Swifter,
2021,6,Swifter,
2021,7,Swifter,
2021,8,Swifter,
2021,9,Swifter,
2021,10,Swifter,
2021,11,Swifter,
2021,12,Swifter,10.0
2022,1,Swifter,13.0
2022,2,Swifter,15.0
2022,3,Swifter,17.0
2022,4,Swifter,16.0
2022,5,Swifter,14.0
2022,6,Swifter,14.0
2022,7,Swifter,13.0
2022,8,Swifter,13.0
2022,9,Swifter,5.0
2022,10,Swifter,
2022,11,Swifter,
2022,12,Swifter,6.0
2023,1,Swifter,23.0
2023,2,Swifter,36.0
2023,3,Swifter,36.0
2023,4,Swifter,39.0
2023,5,Swifter,41.0
2023,6,Swifter,36.0
2023,7,Swifter,36.0
2020,1,Zwartbles,
2020,2,Zwartbles,
2020,3,Zwartbles,
2020,4,Zwartbles,
2020,5,Zwartbles,
2020,6,Zwartbles,
2020,7,Zwartbles,
2020,8,Zwartbles,
2020,9,Zwartbles,
2020,10,Zwartbles,
2020,11,Zwartbles,
2020,12,Zwartbles,
2021,1,Zwartbles,
2021,2,Zwartbles,
2021,3,Zwartbles,
2021,4,Zwartbles,
2021,5,Zwartbles,
2021,6,Zwartbles,
2021,7,Zwartbles,
2021,8,Zwartbles,
2021,9,Zwartbles,
2021,10,Zwartbles,
2021,11,Zwartbles,
2021,12,Zwartbles,
2022,1,Zwartbles,
2022,2,Zwartbles,
2022,3,Zwartbles,
2022,4,Zwartbles,
2022,5,Zwartbles,
2022,6,Zwartbles,
2022,7,Zwartbles,
2022,8,Zwartbles,
2022,9,Zwartbles,
2022,10,Zwartbles,
2022,11,Zwartbles,
2022,12,Zwartbles,
2023,1,Zwartbles,
2023,2,Zwartbles,
2023,3,Zwartbles,
2023,4,Zwartbles,
2023,5,Zwartbles,
2023,6,Zwartbles,
2023,7,Zwartbles,
2020,1,Wensleydale,
2020,2,Wensleydale,
2020,3,Wensleydale,
2020,4,Wensleydale,
2020,5,Wensleydale,
2020,6,Wensleydale,
2020,7,Wensleydale,
2020,8,Wensleydale,
2020,9,Wensleydale,
2020,10,Wensleydale,
2020,11,Wensleydale,
2020,12,Wensleydale,
2021,1,Wensleydale,
2021,2,Wensleydale,
2021,3,Wensleydale,
2021,4,Wensleydale,
2021,5,Wensleydale,
2021,6,Wensleydale,
2021,7,Wensleydale,
2021,8,Wensleydale,
2021,9,Wensleydale,
2021,10,Wensleydale,
2021,11,Wensleydale,
2021,12,Wensleydale,
2022,1,Wensleydale,
2022,2,Wensleydale,
2022,3,Wensleydale,
2022,4,Wensleydale,
2022,5,Wensleydale,
2022,6,Wensleydale,
2022,7,Wensleydale,
2022,8,Wensleydale,
2022,9,Wensleydale,
2022,10,Wensleydale,
2022,11,Wensleydale,
2022,12,Wensleydale,
2023,1,Wensleydale,
2023,2,Wensleydale,
2023,3,Wensleydale,
2023,4,Wensleydale,
2023,5,Wensleydale,
2023,6,Wensleydale,
2023,7,Wensleydale,
2020,1,Easy_Care,
2020,2,Easy_Care,
2020,3,Easy_Care,
2020,4,Easy_Care,
2020,5,Easy_Care,
2020,6,Easy_Care,
2020,7,Easy_Care,
2020,8,Easy_Care,
2020,9,Easy_Care,
2020,10,Easy_Care,
2020,11,Easy_Care,
2020,12,Easy_Care,
2021,1,Easy_Care,
2021,2,Easy_Care,
2021,3,Easy_Care,
2021,4,Easy_Care,
2021,5,Easy_Care,
2021,6,Easy_Care,
2021,7,Easy_Care,
2021,8,Easy_Care,
2021,9,Easy_Care,
2021,10,Easy_Care,
2021,11,Easy_Care,
2021,12,Easy_Care,
2022,1,Easy_Care,
2022,2,Easy_Care,
2022,3,Easy_Care,
2022,4,Easy_Care,
2022,5,Easy_Care,
2022,6,Easy_Care,
2022,7,Easy_Care,
2022,8,Easy_Care,
2022,9,Easy_Care,
2022,10,Easy_Care,
2022,11,Easy_Care,
2022,12,Easy_Care,
2023,1,Easy_Care,
2023,2,Easy_Care,5.0
2023,3,Easy_Care,5.0
2023,4,Easy_Care,6.0
2023,5,Easy_Care,6.0
2023,6,Easy_Care,5.0
2023,7,Easy_Care,
2020,1,Racka,
2020,2,Racka,
2020,3,Racka,
2020,4,Racka,
2020,5,Racka,
2020,6,Racka,
2020,7,Racka,
2020,8,Racka,
2020,9,Racka,
2020,10,Racka,
2020,11,Racka,
2020,12,Racka,
2021,1,Racka,
2021,2,Racka,
2021,3,Racka,
2021,4,Racka,
2021,5,Racka,
2021,6,Racka,
2021,7,Racka,
2021,8,Racka,
2021,9,Racka,
2021,10,Racka,
2021,11,Racka,
2021,12,Racka,
2022,1,Racka,
2022,2,Racka,
2022,3,Racka,
2022,4,Racka,
2022,5,Racka,
2022,6,Racka,
2022,7,Racka,
2022,8,Racka,
2022,9,Racka,
2022,10,Racka,
2022,11,Racka,
2022,12,Racka,
2023,1,Racka,
2023,2,Racka,
2023,3,Racka,
2023,4,Racka,
2023,5,Racka,
2023,6,Racka,
2023,7,Racka,
